Feature,Coefficient,Original_Index
Intercept,-0.07148508094247157,
WR,0.23362430073398371,0.0
WM,-0.05823317943379171,1.0
WV,-0.19173811490711312,2.0
xC,0.34770910359203244,3.0
xE,0.05721673530733111,4.0
xS,-0.20862106091830507,5.0
xH,-0.15375576440742078,6.0
xC_WR,0.24165221942629675,7.0
xH_WV,-0.15224695892925844,8.0
WR_WV,0.013082365804281453,9.0
WM_WV,-0.06391486172979334,10.0
xC_xS,0.05760573296648481,11.0
xE_xH,-0.035191683444218726,12.0
